Name,Cost,Quality,Durability,Topsis Score,Rank
A,250,16,12,0.6422972176768719,1
B,200,18,2,0.22238302868595353,3
C,300,32,6,0.49947248232639646,2
